<?xml version="1.0" encoding="UTF-8"?>
<root>
    <student id="1" group="1">
        <name>ZhangSan</name>
        <sex>Male</sex>
        <age>18</age>
        <email>zhangsan@163.com</email>
        <birthday>1987-06-01</birthday>
        <memo>GoodStudent</memo>
    </student>
    <student id="2" group="2">
        <name>LiSi</name>
        <sex>Female</sex>
        <age>18</age>
        <email>lisi@163.com</email>
        <birthday>1987-06-02</birthday>
        <memo>GoodStudent</memo>
    </student>
    <student id="3" group="3">
        <name>WangWu</name>
        <sex>Male</sex>
        <age>18</age>
        <email>xiaowang@163.com</email>
        <birthday>1987-06-03</birthday>
        <memo>GoodStudent</memo>
    </student>
    <student id="4" group="4">
        <name>ZhaoLv</name>
        <sex>Male</sex>
        <age>18</age>
        <email>xiaozhang@163.com</email>
        <birthday>1987-06-04</birthday>
        <memo>GoodStudent</memo>
    </student>
    <student id="5" group="5">
        <name>XuQi</name>
        <sex>Female</sex>
        <age>18</age>
        <email>xiaoming@163.com</email>
        <birthday>1987-06-05</birthday>
        <memo>GoodStudent</memo>
    </student>
</root>